assists,bonus,bps,clean_sheets,creativity,ea_index,element_code,end_cost,goals_conceded,goals_scored,ict_index,id,influence,minutes,own_goals,penalties_missed,penalties_saved,red_cards,saves,season,season_name,start_cost,threat,total_points,yellow_cards
0,0,0,0,0.0,0,75880,38,1,0,0.0,2303,0.0,236,0,0,0,0,0,4,2009/10,45,0.0,15,0
0,0,0,0,0.0,0,75880,41,0,0,0.0,2935,0.0,0,0,0,0,0,0,5,2010/11,45,0.0,0,0
0,0,0,1,0.0,54,75880,39,7,0,0.0,3551,0.0,497,1,0,0,0,0,6,2011/12,40,0.0,11,2
0,0,0,0,0.0,0,75880,40,0,0,0.0,4142,0.0,0,0,0,0,0,0,7,2012/13,40,0.0,0,0
0,0,0,0,0.0,0,75880,38,0,0,0.0,4863,0.0,0,0,0,0,0,0,8,2013/14,40,0.0,0,0
0,0,174,3,10.4,0,75880,47,16,1,39.8,6978,220.8,918,0,0,0,0,0,11,2016/17,50,166.0,31,3
