assists,bonus,bps,clean_sheets,creativity,ea_index,element_code,end_cost,goals_conceded,goals_scored,ict_index,id,influence,minutes,own_goals,penalties_missed,penalties_saved,red_cards,saves,season,season_name,start_cost,threat,total_points,yellow_cards
0,0,0,0,0.0,0,80179,45,0,0,0.0,2204,0.0,0,0,0,0,0,0,4,2009/10,45,0.0,0,0
0,0,0,0,0.0,0,80179,45,0,0,0.0,2874,0.0,9,0,0,0,0,0,5,2010/11,45,0.0,1,0
0,0,0,0,0.0,0,80179,44,0,0,0.0,3633,0.0,0,0,0,0,0,0,6,2011/12,45,0.0,0,0
0,0,0,0,0.0,0,80179,45,0,0,0.0,4320,0.0,0,0,0,0,0,0,7,2012/13,45,0.0,0,0
2,3,401,9,511.6,0,80179,45,36,0,102.5,7231,275.6,2695,0,0,0,0,0,11,2016/17,45,240.0,77,4
