assists,attempted_passes,big_chances_created,big_chances_missed,bonus,bps,clean_sheets,clearances_blocks_interceptions,completed_passes,creativity,dribbles,ea_index,element,errors_leading_to_goal,errors_leading_to_goal_attempt,fixture,fouls,goals_conceded,goals_scored,ict_index,id,influence,key_passes,kickoff_time,kickoff_time_formatted,loaned_in,loaned_out,minutes,offside,open_play_crosses,opponent_team,own_goals,penalties_conceded,penalties_missed,penalties_saved,recoveries,red_cards,round,saves,selected,tackled,tackles,target_missed,team_a_score,team_h_score,threat,total_points,transfers_balance,transfers_in,transfers_out,value,was_home,winning_goals,yellow_cards
0,0,0,0,0,0,0,0,0,0.0,0,0,668,0,0,344,0,0,0,0.0,21261,0.0,0,2017-04-30T13:05:00Z,30 Apr 14:05,0,0,0,0,0,12,0,0,0,0,0,0,35,0,0,0,0,0,2,2,0.0,0,0,0,0,40,False,0,0
0,0,0,0,0,0,0,0,0,0.0,0,0,668,0,0,358,0,0,0,0.0,21997,0.0,0,2017-05-06T11:30:00Z,06 May 12:30,0,0,0,0,0,5,0,0,0,0,0,0,36,0,75,0,0,0,0,5,0.0,0,46,59,13,40,True,0,0
0,0,0,0,0,0,0,0,0,0.0,0,0,668,0,0,364,0,0,0,0.0,22997,0.0,0,2017-05-13T11:30:00Z,13 May 12:30,0,0,0,0,0,8,0,0,0,0,0,0,37,0,148,0,0,0,1,2,0.0,0,57,80,23,40,True,0,0
0,0,0,0,0,0,0,0,0,0.0,0,0,668,0,0,338,0,0,0,0.0,22996,0.0,0,2017-05-16T19:00:00Z,16 May 20:00,0,0,0,0,0,19,0,0,0,0,0,0,37,0,148,0,0,0,1,3,0.0,0,57,80,23,40,True,0,0
0,0,0,0,0,0,0,0,0,0.0,0,0,668,0,0,380,0,0,0,0.0,23673,0.0,0,2017-05-21T14:00:00Z,21 May 15:00,0,0,0,0,0,18,0,0,0,0,0,0,38,0,264,0,0,0,5,0,0.0,0,87,125,38,40,False,0,0
