assists,bonus,bps,clean_sheets,creativity,ea_index,element_code,end_cost,goals_conceded,goals_scored,ict_index,id,influence,minutes,own_goals,penalties_missed,penalties_saved,red_cards,saves,season,season_name,start_cost,threat,total_points,yellow_cards
5,15,0,5,0.0,401,26921,69,61,11,0.0,4663,0.0,2932,0,0,0,0,0,7,2012/13,65,0.0,140,0
0,0,4,0,0.0,18,26921,61,0,0,0.0,5281,0.0,82,0,0,0,0,0,8,2013/14,70,0.0,5,0
1,0,85,3,0.0,115,26921,54,8,1,0.0,5996,0.0,601,0,0,0,0,0,9,2014/15,55,0.0,24,2
4,6,299,4,0.0,289,26921,44,20,5,0.0,6710,0.0,1457,0,0,0,0,0,10,2015/16,50,0.0,76,1
0,0,17,0,19.6,0,26921,51,3,0,4.9,7418,7.8,78,0,0,0,0,0,11,2016/17,55,22.0,6,0
