assists,bonus,bps,clean_sheets,creativity,ea_index,element_code,end_cost,goals_conceded,goals_scored,ict_index,id,influence,minutes,own_goals,penalties_missed,penalties_saved,red_cards,saves,season,season_name,start_cost,threat,total_points,yellow_cards
0,0,0,0,0.0,16,106603,45,0,0,0.0,3569,0.0,69,0,0,0,0,0,6,2011/12,45,0.0,2,0
0,0,0,0,0.0,0,106603,39,0,0,0.0,4129,0.0,0,0,0,0,0,0,7,2012/13,40,0.0,0,0
0,0,22,2,0.0,66,106603,40,6,0,0.0,4949,0.0,401,0,0,0,0,0,8,2013/14,40,0.0,16,0
0,0,3,0,0.0,1,106603,42,0,0,0.0,5574,0.0,4,0,0,0,0,0,9,2014/15,45,0.0,1,0
0,0,0,0,0.0,0,106603,40,0,0,0.0,6207,0.0,0,0,0,0,0,0,10,2015/16,40,0.0,0,0
1,0,38,0,36.3,0,106603,45,7,0,8.6,7081,41.6,188,0,0,0,0,0,11,2016/17,45,8.0,9,0
